,id,city,state,region,percentDemocrat,percentGraduates,percentIndependent,percentNonReligious,percentReligious,percentRepublican,percentSingle,avgHomePrice,avgCostOfLiving,gradeAirQuality,gradeLowTraffic,gradeSafety
0,1,Palo Alto,CA,West,0.7,0.78,0.02,0.57,0.43,0.28,0.42,2187500,31575,3.25,3.75,4.0
1,2,Naples,FL,South,0.35,0.49,0.01,0.63,0.37,0.65,0.38,308500,19282,3.75,5.25,3.25
2,3,Seattle,WA,West,0.69,0.58,0.02,0.63,0.37,0.29,0.6,579975,28018,5.0,2.25,1.0
3,4,Santa Fe,NM,West,0.74,0.43,0.04,0.51,0.49,0.22,0.6,369000,20840,5.25,5.0,2.25
4,5,Austin,TX,South,0.6,0.45,0.04,0.54,0.46,0.36,0.6,350000,20082,3.0,3.0,2.0
5,6,Arlington,VA,South,0.69,0.72,0.01,0.71,0.29,0.29,0.59,518750,20145,2.25,2.0,3.25
6,7,Berkeley,CA,West,0.79,0.7,0.03,0.65,0.35,0.19,0.66,1100000,30123,3.25,2.25,2.0
7,8,San Francisco,CA,West,0.83,0.54,0.03,0.58,0.42,0.13,0.61,1199500,36459,3.25,1.0,1.0
8,9,Santa Monica,CA,West,0.69,0.65,0.02,0.42,0.58,0.29,0.64,1380000,30901,1.0,3.0,2.75
9,10,Sunnyvale,CA,West,0.7,0.59,0.03,0.57,0.43,0.28,0.42,1066000,30102,4.25,2.75,4.25
10,11,San Mateo,CA,West,0.71,0.44,0.02,0.58,0.42,0.27,0.51,1088000,29870,3.25,2.0,4.0
11,12,Provo,UT,West,0.1,0.37,0.02,0.1,0.9,0.88,0.54,232000,18314,4.75,5.0,3.75
12,13,Fort Collins,CO,West,0.51,0.53,0.03,0.61,0.39,0.46,0.55,345000,20840,5.25,4.75,3.75
13,14,Thousand Oaks,CA,West,0.52,0.48,0.02,0.55,0.45,0.46,0.44,690000,30901,3.75,2.75,4.75
14,15,Bellevue,WA,West,0.69,0.64,0.02,0.63,0.37,0.29,0.44,747975,23492,5.0,3.75,3.25
15,16,Santa Clara,CA,West,0.7,0.54,0.02,0.57,0.43,0.28,0.46,945000,30901,4.25,3.25,3.75
16,17,Cambridge,MA,Northeast,0.63,0.74,0.02,0.26,0.74,0.36,0.67,705000,30733,4.75,2.75,3.25
17,18,Boulder,CO,West,0.7,0.72,0.02,0.53,0.47,0.28,0.65,630000,24629,5.25,5.0,3.25
18,19,Santa Barbara,CA,West,0.57,0.42,0.03,0.44,0.56,0.4,0.54,1020000,30901,3.75,5.25,3.0
19,20,Santa Cruz,CA,West,0.75,0.52,0.04,0.66,0.34,0.21,0.69,865000,30901,5.25,3.75,1.0
20,21,Portland,OR,West,0.76,0.45,0.03,0.54,0.46,0.21,0.59,400000,27049,5.25,3.0,1.75
21,22,Kansas City,MO,Midwest,0.59,0.32,0.02,0.49,0.51,0.4,0.59,175000,19955,3.0,3.75,1.0
22,23,Oakland,CA,West,0.79,0.39,0.03,0.65,0.35,0.19,0.61,690000,30123,3.25,1.0,1.0
23,24,Madison,WI,Midwest,0.71,0.54,0.01,0.48,0.53,0.28,0.62,243250,22166,4.0,4.25,3.0
24,25,Fremont,CA,West,0.78,0.5,0.03,0.65,0.35,0.19,0.4,835000,30901,3.25,1.0,4.0
25,26,Overland Park,KS,Midwest,0.4,0.58,0.02,0.49,0.51,0.58,0.42,279450,18735,3.25,4.0,4.0
26,27,Salinas,CA,West,0.66,0.12,0.02,0.55,0.45,0.32,0.55,435000,18692,5.25,2.75,2.75
27,28,Irvine,CA,West,0.45,0.67,0.02,0.55,0.45,0.53,0.49,753500,30901,1.0,2.25,4.75
28,29,Pasadena,CA,West,0.69,0.54,0.02,0.42,0.58,0.29,0.58,705000,28817,1.0,2.25,3.25
29,30,Ventura,CA,West,0.52,0.29,0.02,0.55,0.45,0.46,0.46,549900,30901,3.75,3.25,2.75
30,31,Wilmington,NC,South,0.47,0.41,0.01,0.53,0.47,0.52,0.6,195000,20840,5.25,5.0,1.75
31,32,Redwood City,CA,West,0.71,0.39,0.02,0.58,0.42,0.27,0.51,1366500,36459,3.25,2.25,3.75
32,33,Olympia,WA,West,0.58,0.4,0.03,0.73,0.27,0.39,0.57,289900,21113,5.25,4.25,3.0
33,34,Charlottesville,VA,South,0.76,0.49,0.02,0.44,0.56,0.22,0.7,281000,21660,4.75,5.0,3.0
34,35,Saint Augustine,FL,South,0.31,0.36,0.01,0.62,0.38,0.68,0.64,225000,19156,5.0,5.25,1.0
35,36,Falls Church,VA,South,0.69,0.75,0.01,0.0,1.0,0.3,0.44,521000,28839,3.25,2.0,4.25
36,37,San Diego,CA,West,0.52,0.42,0.02,0.56,0.44,0.46,0.57,525050,29870,1.75,3.25,3.75
37,38,Albuquerque,NM,West,0.56,0.34,0.05,0.45,0.55,0.39,0.55,179000,19429,5.25,4.0,1.0
38,39,Colorado Springs,CO,West,0.38,0.36,0.03,0.63,0.37,0.59,0.49,242000,20082,5.25,4.0,2.25
39,40,Plano,TX,South,0.34,0.52,0.01,0.46,0.54,0.65,0.43,319000,21850,3.0,2.25,4.0
40,41,Lexington,KY,South,0.49,0.42,0.03,0.53,0.47,0.48,0.57,165000,18840,4.25,4.25,2.25
41,42,Saint Paul,MN,Midwest,0.67,0.4,0.02,0.39,0.61,0.31,0.59,181000,22355,4.25,3.25,2.25
42,43,Scottsdale,AZ,West,0.43,0.55,0.02,0.6,0.4,0.55,0.49,386000,19703,4.0,3.75,3.75
43,44,Glendale,CA,West,0.69,0.37,0.02,0.42,0.58,0.29,0.46,716000,28817,1.0,2.25,4.25
44,45,Huntington Beach,CA,West,0.45,0.4,0.02,0.55,0.45,0.53,0.5,720500,28586,1.0,1.75,3.75
45,46,Oxnard,CA,West,0.52,0.16,0.02,0.55,0.45,0.46,0.53,430000,18356,3.75,3.0,3.75
46,47,Eugene,OR,West,0.6,0.38,0.03,0.75,0.25,0.37,0.64,255900,27049,5.0,5.25,1.75
47,48,Hayward,CA,West,0.79,0.27,0.03,0.65,0.35,0.19,0.53,536500,30123,3.25,1.0,3.0
48,49,Torrance,CA,West,0.69,0.44,0.02,0.42,0.58,0.29,0.49,667000,28817,1.0,2.25,4.0
49,50,Concord,CA,West,0.66,0.31,0.02,0.61,0.39,0.32,0.5,537500,20187,3.25,1.0,3.0
50,51,Ann Arbor,MI,Midwest,0.68,0.68,0.01,0.67,0.33,0.32,0.67,284200,19282,2.0,4.75,4.0
51,52,Springfield,IL,Midwest,0.45,0.37,0.02,0.43,0.57,0.53,0.57,105000,19092,3.75,5.0,1.0
52,53,Richardson,TX,South,0.57,0.5,0.01,0.45,0.55,0.42,0.44,253578,20440,3.0,3.0,3.75
53,54,Richmond,CA,West,0.66,0.25,0.02,0.61,0.39,0.32,0.6,408000,19913,3.25,1.0,1.75
54,55,Fargo,ND,Midwest,0.47,0.4,0.03,0.43,0.57,0.5,0.56,214000,20208,4.75,5.25,3.0
55,56,Burbank,CA,West,0.69,0.39,0.02,0.42,0.58,0.29,0.49,706000,28817,1.0,2.0,3.75
56,57,Rochester,MN,Midwest,0.51,0.42,0.02,0.38,0.62,0.47,0.48,188000,21366,4.75,5.25,3.75
57,58,Mission Viejo,CA,West,0.45,0.5,0.02,0.55,0.45,0.53,0.41,650000,30901,1.0,2.0,4.75
58,59,Beaverton,OR,West,0.58,0.45,0.03,0.74,0.26,0.4,0.52,335000,27049,5.25,2.25,4.25
59,60,Duluth,MN,Midwest,0.64,0.35,0.02,0.47,0.53,0.34,0.61,148000,21050,5.25,5.25,1.75
60,61,Boca Raton,FL,South,0.58,0.51,0.01,0.44,0.56,0.41,0.52,320000,20208,4.75,5.0,3.75
61,62,Bellingham,WA,West,0.55,0.36,0.03,0.71,0.29,0.43,0.61,333751,23850,5.25,5.25,3.0
62,63,College Station,TX,South,0.31,0.57,0.02,0.49,0.51,0.67,0.67,211000,19156,3.0,5.0,3.75
63,64,Longmont,CO,West,0.7,0.37,0.02,0.53,0.47,0.28,0.48,364750,23155,4.25,4.0,3.75
64,65,Chapel Hill,NC,South,0.7,0.76,0.01,0.7,0.3,0.28,0.64,384000,19134,2.75,4.25,4.0
65,66,Decatur,GA,South,0.78,0.72,0.01,0.65,0.35,0.21,0.58,165000,19198,2.0,3.25,3.0
66,67,West Chester,PA,Northeast,0.49,0.45,0.01,0.44,0.56,0.5,0.76,393750,21282,1.75,4.25,3.75
67,68,San Jose,CA,West,0.7,0.38,0.03,0.57,0.43,0.28,0.48,792500,36459,4.25,2.0,3.25
68,69,Minneapolis,MN,Midwest,0.63,0.47,0.02,0.42,0.58,0.35,0.66,235000,22545,4.25,3.25,1.0
69,70,Honolulu,HI,West,0.69,0.31,0.01,0.67,0.33,0.3,0.5,500000,40079,5.25,2.75,3.0
70,71,Anchorage,AK,West,0.41,0.34,0.04,0.63,0.37,0.55,0.53,309000,27975,5.25,4.0,2.0
71,72,Saint Petersburg,FL,South,0.52,0.29,0.01,0.65,0.35,0.47,0.59,166000,19492,3.75,3.25,1.0
72,73,Boise,ID,West,0.43,0.39,0.03,0.56,0.44,0.54,0.51,208000,19113,5.0,5.0,3.75
73,74,Salt Lake City,UT,West,0.39,0.45,0.03,0.33,0.68,0.58,0.59,300000,20545,5.0,4.0,1.0
74,75,Richmond,VA,South,0.77,0.35,0.02,0.53,0.47,0.21,0.71,207750,19913,3.25,3.75,2.0
75,76,Chattanooga,TN,South,0.41,0.26,0.03,0.42,0.58,0.56,0.62,132000,19808,2.25,4.25,1.0
76,77,Sioux Falls,SD,Midwest,0.45,0.31,0.02,0.33,0.67,0.53,0.53,208000,17261,3.0,5.25,3.0
77,78,Santa Rosa,CA,West,0.71,0.3,0.03,0.68,0.32,0.26,0.51,521000,30901,5.0,3.0,4.0
78,79,Orange,CA,West,0.45,0.34,0.02,0.55,0.45,0.53,0.53,601000,30901,1.0,2.25,4.25
79,80,Costa Mesa,CA,West,0.45,0.35,0.02,0.55,0.45,0.53,0.57,719000,30901,1.0,3.75,3.0
80,81,Charleston,SC,South,0.5,0.48,0.02,0.57,0.43,0.48,0.61,287000,21261,5.0,4.0,3.75
81,82,Daly City,CA,West,0.71,0.3,0.02,0.58,0.42,0.27,0.49,830000,31786,3.25,1.0,4.0
82,83,El Cajon,CA,West,0.52,0.2,0.02,0.56,0.44,0.46,0.59,445000,29870,1.75,3.0,3.25
83,84,Sandy,UT,West,0.39,0.4,0.03,0.33,0.68,0.58,0.37,311500,21387,5.0,3.25,3.0
84,85,Round Rock,TX,South,0.38,0.38,0.03,0.6,0.4,0.6,0.45,250000,19555,3.0,2.0,4.0
85,86,Miami Beach,FL,South,0.62,0.48,0.01,0.6,0.4,0.38,0.6,418500,23702,4.75,2.25,1.0
86,87,Albany,NY,Northeast,0.64,0.37,0.03,0.36,0.64,0.33,0.73,168950,23765,4.25,4.75,2.0
87,88,Lawrence,KS,Midwest,0.61,0.52,0.02,0.71,0.29,0.37,0.64,174000,18524,3.0,4.25,2.25
88,89,San Leandro,CA,West,0.79,0.27,0.03,0.65,0.35,0.19,0.53,600000,29870,3.25,1.0,2.0
89,90,Wilmington,DE,South,0.66,0.31,0.02,0.54,0.46,0.32,0.69,217500,22418,1.75,3.75,1.0
90,91,Bend,OR,West,0.45,0.4,0.02,0.73,0.27,0.53,0.42,370000,27049,5.25,5.25,3.25
91,92,Sarasota,FL,South,0.46,0.31,0.01,0.53,0.47,0.53,0.61,250000,21808,3.75,4.25,1.0
92,93,Broomfield,CO,West,0.51,0.48,0.02,0.64,0.36,0.47,0.45,381250,22524,5.25,2.25,4.0
93,94,Frisco,TX,South,0.33,0.6,0.02,0.46,0.54,0.65,0.33,389737,22376,3.0,1.75,4.0
94,95,Grand Junction,CO,West,0.33,0.27,0.02,0.71,0.29,0.65,0.52,200000,20461,5.0,5.0,2.0
95,96,Alpharetta,GA,South,0.64,0.64,0.01,0.41,0.59,0.35,0.4,369000,18882,2.25,3.0,4.0
96,97,Annapolis,MD,South,0.49,0.46,0.02,0.58,0.42,0.49,0.56,390000,22945,2.25,1.75,3.25
97,98,Vero Beach,FL,South,0.39,0.32,0.01,0.49,0.51,0.61,0.56,174000,21239,4.75,5.0,3.0
98,99,Rochester,MI,Midwest,0.54,0.58,0.01,0.52,0.48,0.46,0.46,360000,21366,1.0,1.0,5.0
99,100,Los Angeles,CA,West,0.69,0.32,0.02,0.42,0.58,0.29,0.6,615250,28817,1.0,1.0,3.75
100,101,Denver,CO,West,0.74,0.45,0.02,0.47,0.53,0.24,0.61,350000,22671,4.25,2.75,2.25
101,102,Washington,DC,South,0.91,0.53,0.02,0.67,0.33,0.07,0.72,575250,30165,2.25,1.0,1.0
102,103,Atlanta,GA,South,0.64,0.47,0.01,0.41,0.59,0.35,0.71,256275,21387,2.0,2.25,1.0
103,104,Virginia Beach,VA,South,0.48,0.33,0.01,0.66,0.34,0.51,0.5,257500,20503,4.25,3.25,3.75
104,105,New Orleans,LA,South,0.8,0.34,0.02,0.56,0.44,0.18,0.68,239000,19577,2.75,3.0,2.25
105,106,Pittsburgh,PA,Northeast,0.57,0.38,0.01,0.28,0.72,0.42,0.68,150000,21218,1.0,3.0,2.75
106,107,Lincoln,NE,Midwest,0.49,0.36,0.02,0.55,0.45,0.5,0.52,159000,19492,5.0,5.0,2.75
107,108,Chandler,AZ,West,0.43,0.4,0.02,0.6,0.4,0.55,0.49,280000,19577,4.0,3.0,3.75
108,109,Tacoma,WA,West,0.54,0.24,0.02,0.7,0.3,0.43,0.58,243000,21724,5.0,2.0,1.0
109,110,Spokane,WA,West,0.46,0.26,0.03,0.64,0.36,0.52,0.55,165000,19303,4.25,4.25,1.0
110,111,Irving,TX,South,0.57,0.33,0.01,0.45,0.55,0.42,0.5,233950,20440,3.0,2.75,3.25
111,112,Tempe,AZ,West,0.43,0.39,0.02,0.6,0.4,0.55,0.71,235000,18566,4.0,4.0,2.0
112,113,Amarillo,TX,South,0.27,0.22,0.01,0.14,0.86,0.72,0.51,117000,18377,5.25,4.75,2.0
113,114,Huntsville,AL,South,0.4,0.41,0.01,0.45,0.55,0.59,0.56,145000,19619,3.25,4.75,1.0
114,115,Vancouver,WA,West,0.49,0.26,0.02,0.72,0.28,0.49,0.51,288700,27049,5.25,3.25,2.75
115,116,Springfield,MO,Midwest,0.37,0.25,0.02,0.44,0.56,0.61,0.63,122000,18903,3.75,5.0,1.0
116,117,Salem,OR,West,0.47,0.27,0.02,0.62,0.38,0.51,0.54,234000,27049,5.25,3.75,2.25
117,118,Alexandria,VA,South,0.71,0.64,0.01,0.5,0.5,0.28,0.55,439150,30165,2.25,1.0,4.0
118,119,Lakewood,CO,West,0.51,0.36,0.02,0.64,0.36,0.47,0.52,325000,22671,4.25,2.25,2.0
119,120,Syracuse,NY,Northeast,0.6,0.25,0.02,0.48,0.52,0.39,0.72,82000,21892,5.25,5.0,1.75
120,121,Carrollton,TX,South,0.57,0.36,0.01,0.45,0.55,0.42,0.44,245450,20440,3.0,2.75,3.75
121,122,Naperville,IL,Midwest,0.5,0.65,0.01,0.41,0.59,0.49,0.38,365000,19724,1.75,1.0,4.75
122,123,Kansas City,KS,Midwest,0.67,0.15,0.02,0.64,0.36,0.31,0.57,119000,19955,3.0,3.75,1.75
123,124,Metairie,LA,South,0.4,0.32,0.02,0.47,0.53,0.58,0.56,226000,19577,3.0,4.0,5.25
124,125,Cary,NC,South,0.55,0.62,0.01,0.56,0.44,0.44,0.38,336170,19998,2.0,3.25,4.75
125,126,Fullerton,CA,West,0.45,0.38,0.02,0.55,0.45,0.53,0.51,593500,30901,1.0,1.0,3.25
126,127,Cedar Rapids,IA,Midwest,0.58,0.32,0.01,0.43,0.57,0.41,0.52,145000,19513,3.0,4.75,2.75
127,128,Athens,GA,South,0.63,0.44,0.03,0.64,0.36,0.34,0.63,145000,18861,4.0,5.0,2.75
128,129,Pueblo,CO,West,0.55,0.18,0.02,0.44,0.57,0.42,0.56,136000,17345,5.25,5.0,1.0
129,130,Midland,TX,South,0.19,0.24,0.01,0.38,0.62,0.8,0.46,195000,20271,3.0,4.25,3.25
130,131,Clearwater,FL,South,0.52,0.31,0.01,0.65,0.35,0.47,0.57,167500,19492,3.75,3.0,2.25
131,132,Gainesville,FL,South,0.58,0.43,0.02,0.66,0.34,0.41,0.77,161000,20292,5.0,5.25,2.25
132,133,Billings,MT,West,0.38,0.29,0.03,0.51,0.49,0.59,0.49,211000,21492,4.25,4.75,1.75
133,134,Columbia,MO,Midwest,0.5,0.56,0.03,0.59,0.41,0.47,0.65,161000,19703,1.0,5.25,2.75
134,135,Roanoke,VA,South,0.59,0.25,0.03,0.5,0.5,0.38,0.6,148000,19071,4.0,5.0,2.0
135,136,Las Cruces,NM,West,0.56,0.34,0.03,0.23,0.77,0.41,0.56,144000,17893,4.75,4.75,2.25
136,137,Carlsbad,CA,West,0.52,0.5,0.02,0.56,0.44,0.46,0.45,735000,29870,1.75,1.0,4.0
137,138,Hillsboro,OR,West,0.58,0.32,0.03,0.74,0.26,0.4,0.49,300000,27049,5.25,2.25,4.0
138,139,Santa Maria,CA,West,0.57,0.12,0.03,0.44,0.56,0.4,0.54,350000,30901,3.75,4.0,3.0
139,140,Bryan,TX,South,0.31,0.28,0.02,0.49,0.51,0.67,0.57,127000,18735,3.0,4.75,3.0
140,141,Asheville,NC,South,0.56,0.45,0.01,0.45,0.55,0.43,0.62,292000,21008,5.0,4.0,3.75
141,142,Appleton,WI,Midwest,0.48,0.32,0.02,0.13,0.87,0.5,0.54,134000,19577,4.25,4.75,4.0
142,143,Bloomington,IN,Midwest,0.57,0.55,0.03,0.67,0.33,0.4,0.78,172000,22545,2.75,5.25,3.0
143,144,Edmond,OK,South,0.42,0.5,0.0,0.34,0.66,0.58,0.46,225000,20124,4.0,4.0,4.0
144,145,Allen,TX,South,0.34,0.53,0.01,0.46,0.54,0.65,0.37,319900,18419,3.0,1.75,4.75
145,146,Largo,FL,South,0.52,0.19,0.01,0.65,0.35,0.47,0.56,155450,20208,3.75,3.0,2.75
146,147,Greenville,SC,South,0.35,0.43,0.02,0.43,0.57,0.63,0.64,195000,20440,2.75,5.0,1.0
147,148,Missoula,MT,West,0.58,0.52,0.03,0.68,0.32,0.39,0.55,241000,21492,2.0,5.25,2.25
148,149,Idaho Falls,ID,West,0.23,0.25,0.02,0.24,0.76,0.75,0.49,140000,17345,5.25,5.0,3.25
149,150,Pensacola,FL,South,0.39,0.31,0.01,0.53,0.47,0.6,0.59,126000,18103,2.75,4.25,1.0
150,151,Rockville,MD,South,0.71,0.61,0.02,0.47,0.53,0.27,0.43,559950,27155,2.25,1.0,4.0
151,152,Charleston,WV,South,0.43,0.41,0.02,0.65,0.35,0.55,0.56,112000,21261,2.75,5.25,2.25
152,153,Littleton,CO,West,0.53,0.44,0.02,0.64,0.36,0.45,0.5,375000,21471,4.25,2.25,3.25
153,154,Bothell,WA,West,0.69,0.42,0.02,0.63,0.37,0.29,0.45,518000,23576,5.0,1.75,3.75
154,155,Keller,TX,South,0.41,0.54,0.02,0.48,0.52,0.57,0.35,384950,20208,3.0,1.0,5.0
155,156,Newark,DE,South,0.66,0.54,0.02,0.54,0.46,0.32,0.7,225000,21892,1.75,4.0,3.25
156,157,Fairfax,VA,South,0.57,0.54,0.02,0.57,0.43,0.41,0.45,495000,28207,3.25,1.0,4.25
157,158,Katy,TX,South,0.49,0.26,0.01,0.5,0.5,0.49,0.42,252700,19366,2.0,1.75,3.0
158,159,Everett,WA,West,0.57,0.19,0.02,0.76,0.24,0.41,0.58,325000,23492,5.0,2.25,1.0
159,160,Dallas,TX,South,0.57,0.3,0.01,0.45,0.55,0.42,0.59,289450,20440,2.75,2.0,2.0
160,161,Boston,MA,Northeast,0.78,0.43,0.02,0.4,0.6,0.21,0.7,579000,29533,4.75,1.0,3.0
161,162,Arlington,TX,South,0.41,0.3,0.02,0.48,0.52,0.57,0.52,175000,16777,2.75,2.25,2.25
162,163,Raleigh,NC,South,0.55,0.47,0.01,0.56,0.44,0.44,0.56,228000,19534,2.0,4.0,3.0
163,164,Wichita,KS,Midwest,0.39,0.28,0.02,0.53,0.47,0.59,0.51,118000,19113,4.0,5.0,1.0
164,165,Tampa,FL,South,0.53,0.34,0.01,0.58,0.42,0.46,0.62,205000,19492,3.75,3.25,3.25
165,166,Buffalo,NY,Northeast,0.57,0.26,0.02,0.26,0.74,0.41,0.71,132500,20124,2.75,3.75,1.0
166,167,Henderson,NV,West,0.56,0.3,0.02,0.64,0.36,0.42,0.51,260000,22671,3.75,3.0,4.0
167,168,Jersey City,NJ,Northeast,0.77,0.42,0.01,0.38,0.62,0.22,0.56,348000,26902,3.25,1.0,3.75
168,169,Des Moines,IA,Midwest,0.56,0.26,0.02,0.52,0.48,0.42,0.54,123000,18924,4.25,4.75,1.75
169,170,Orlando,FL,South,0.59,0.33,0.01,0.6,0.4,0.4,0.64,200000,20692,4.75,2.25,1.0
170,171,Chesapeake,VA,South,0.5,0.29,0.01,0.71,0.29,0.49,0.46,255000,20629,3.25,2.0,3.25
171,172,Rochester,NY,Northeast,0.58,0.24,0.02,0.46,0.54,0.4,0.72,116000,21366,4.25,4.0,1.0
172,173,Grand Rapids,MI,Midwest,0.46,0.29,0.01,0.47,0.53,0.53,0.62,144950,19577,2.0,4.75,2.75
173,174,Little Rock,AR,South,0.55,0.39,0.02,0.41,0.59,0.43,0.62,157750,20419,1.75,4.75,1.0
174,175,Newport News,VA,South,0.64,0.25,0.01,0.66,0.34,0.34,0.58,181300,20503,4.25,3.0,3.0
175,176,Providence,RI,Northeast,0.84,0.27,0.02,0.36,0.64,0.14,0.7,181000,25955,4.25,3.25,2.0
176,177,Tallahassee,FL,South,0.61,0.48,0.01,0.62,0.38,0.38,0.69,167000,19156,2.75,4.75,2.0
177,178,Santa Clarita,CA,West,0.69,0.33,0.02,0.42,0.58,0.29,0.48,475000,30901,4.25,1.0,4.75
178,179,Columbia,SC,South,0.66,0.42,0.01,0.58,0.42,0.33,0.69,146000,20040,2.75,5.25,1.0
179,180,New Haven,CT,Northeast,0.89,0.35,0.01,0.46,0.54,0.1,0.68,159000,27997,3.0,3.75,1.0
180,181,Topeka,KS,Midwest,0.48,0.26,0.02,0.54,0.46,0.5,0.55,99000,19429,4.25,5.25,1.75
181,182,Waco,TX,South,0.35,0.19,0.01,0.39,0.61,0.64,0.6,120000,19387,4.0,5.0,2.25
182,183,Denton,TX,South,0.33,0.36,0.02,0.66,0.34,0.65,0.62,215000,18082,3.0,2.25,3.75
183,184,Lafayette,LA,South,0.32,0.32,0.02,0.21,0.79,0.66,0.61,234000,19513,2.0,4.25,1.0
184,185,Lewisville,TX,South,0.33,0.31,0.02,0.66,0.34,0.65,0.5,235000,19724,3.0,2.75,3.25
185,186,Abilene,TX,South,0.23,0.22,0.01,0.33,0.67,0.76,0.54,149950,19745,2.25,5.25,2.25
186,187,Peoria,IL,Midwest,0.51,0.31,0.02,0.51,0.49,0.47,0.57,92000,20650,1.0,4.25,2.25
187,188,Manchester,NH,Northeast,0.54,0.27,0.02,0.42,0.58,0.44,0.6,208500,24713,5.25,3.75,2.25
188,189,Westminster,CO,West,0.56,0.38,0.03,0.7,0.3,0.41,0.47,305000,22313,4.25,2.0,3.25
189,190,Norman,OK,South,0.37,0.43,0.0,0.56,0.44,0.63,0.61,165000,17429,4.0,3.25,3.75
190,191,Roseville,CA,West,0.39,0.35,0.02,0.63,0.37,0.59,0.44,415000,27155,2.75,2.0,3.75
191,192,Olathe,KS,Midwest,0.4,0.46,0.02,0.49,0.51,0.58,0.41,240000,18524,3.25,3.75,4.25
192,193,Downey,CA,West,0.69,0.23,0.02,0.42,0.58,0.29,0.53,505000,28817,1.0,1.0,3.25
193,194,Beaumont,TX,South,0.5,0.24,0.01,0.35,0.65,0.49,0.6,126000,20945,3.75,5.0,1.0
194,195,Erie,PA,Northeast,0.58,0.21,0.01,0.41,0.59,0.41,0.62,81000,20124,2.25,5.25,3.0
195,196,Roswell,GA,South,0.64,0.57,0.01,0.41,0.59,0.35,0.46,345000,21387,2.25,1.75,4.0
196,197,Antioch,CA,West,0.66,0.23,0.02,0.61,0.39,0.32,0.49,365000,26523,3.25,1.0,2.0
197,198,Tyler,TX,South,0.26,0.29,0.01,0.35,0.65,0.73,0.53,207000,19598,2.75,5.0,2.25
198,199,Vista,CA,West,0.52,0.19,0.02,0.56,0.44,0.46,0.54,445000,20292,1.75,3.25,3.75
199,200,Yuma,AZ,West,0.41,0.17,0.01,0.64,0.36,0.58,0.47,138000,21387,5.25,5.25,2.75
200,201,Federal Way,WA,West,0.69,0.24,0.02,0.63,0.37,0.29,0.5,305500,23155,5.0,1.0,1.0
201,202,Lees Summit,MO,Midwest,0.59,0.41,0.01,0.49,0.51,0.4,0.44,204000,19598,3.0,2.0,4.0
202,203,Vacaville,CA,West,0.63,0.2,0.02,0.63,0.37,0.35,0.52,400000,30901,2.75,2.75,4.0
203,204,Quincy,MA,Northeast,0.43,0.38,0.01,0.26,0.74,0.56,0.55,385000,19745,4.75,1.0,4.0
204,205,Trenton,NJ,Northeast,0.68,0.1,0.01,0.49,0.51,0.31,0.67,76250,23787,4.0,2.75,2.75
205,206,Mckinney,TX,South,0.34,0.47,0.01,0.46,0.54,0.65,0.39,289000,19787,3.0,1.0,4.0
206,207,Hawthorne,CA,West,0.69,0.18,0.02,0.42,0.58,0.29,0.61,577500,28817,1.0,1.0,3.25
207,208,Whittier,CA,West,0.69,0.26,0.02,0.42,0.58,0.29,0.55,485000,28817,1.0,1.0,3.25
208,209,Fort Smith,AR,South,0.3,0.18,0.03,0.31,0.69,0.67,0.51,105000,17051,3.75,5.25,1.0
209,210,Lake Charles,LA,South,0.35,0.23,0.02,0.35,0.65,0.63,0.6,171000,19998,1.75,4.25,1.75
210,211,Greenville,NC,South,0.53,0.34,0.01,0.68,0.32,0.46,0.67,119000,20440,4.75,5.0,2.0
211,212,Delray Beach,FL,South,0.58,0.35,0.01,0.44,0.56,0.41,0.59,176000,20376,4.75,3.25,1.0
212,213,Rapid City,SD,Midwest,0.34,0.28,0.03,0.37,0.63,0.63,0.55,198000,17893,5.25,5.25,2.25
213,214,Saint Charles,MO,Midwest,0.39,0.36,0.02,0.49,0.51,0.6,0.54,182000,19156,1.0,4.0,3.75
214,215,Muncie,IN,Midwest,0.5,0.2,0.02,0.73,0.27,0.47,0.66,76000,19029,2.75,4.25,2.0
215,216,Johnson City,TN,South,0.3,0.36,0.02,0.46,0.54,0.68,0.6,139000,20840,2.25,4.25,2.25
216,217,Lancaster,PA,Northeast,0.4,0.18,0.02,0.52,0.48,0.59,0.65,120000,21282,1.0,4.25,1.75
217,218,Bradenton,FL,South,0.43,0.22,0.01,0.64,0.36,0.56,0.56,215500,19282,3.75,3.75,2.25
218,219,Renton,WA,West,0.69,0.28,0.02,0.63,0.37,0.29,0.53,405950,21703,5.0,1.0,1.75
219,220,Bell Gardens,CA,West,0.69,0.05,0.02,0.42,0.58,0.29,0.58,442000,28817,1.0,1.0,4.0
220,221,Auburn,WA,West,0.69,0.21,0.02,0.63,0.37,0.29,0.55,327750,19703,5.0,1.0,1.0
221,222,Lynnwood,WA,West,0.57,0.29,0.02,0.76,0.24,0.41,0.56,395000,23576,5.0,1.0,1.0
222,223,Puyallup,WA,West,0.54,0.23,0.02,0.7,0.3,0.43,0.55,285100,22734,5.0,1.75,1.0
223,224,Ballwin,MO,Midwest,0.56,0.54,0.01,0.43,0.57,0.43,0.4,250000,19324,1.0,2.25,5.0
224,225,Myrtle Beach,SC,South,0.35,0.24,0.01,0.58,0.42,0.64,0.56,145000,19534,5.0,5.0,1.0
225,226,New Port Richey,FL,South,0.46,0.11,0.01,0.69,0.31,0.53,0.59,127000,19366,3.75,2.25,1.75
226,227,Woodbridge,NJ,Northeast,0.63,0.38,0.01,0.4,0.6,0.36,0.46,247000,25239,4.0,1.0,4.0
227,228,Humble,TX,South,0.49,0.18,0.01,0.5,0.5,0.49,0.61,192750,19577,1.75,3.0,1.0
228,229,Lexington,SC,South,0.3,0.42,0.02,0.5,0.5,0.68,0.5,155000,18840,3.0,3.25,3.0
229,230,Chicago,IL,Midwest,0.74,0.35,0.01,0.42,0.58,0.25,0.64,270000,24123,1.75,1.0,2.25
230,231,Phoenix,AZ,West,0.43,0.27,0.02,0.6,0.4,0.55,0.58,219250,19703,4.0,2.75,2.25
231,232,San Antonio,TX,South,0.52,0.24,0.01,0.35,0.65,0.47,0.56,189900,18419,2.25,3.0,1.0
232,233,Columbus,OH,Midwest,0.6,0.34,0.02,0.62,0.38,0.38,0.61,157950,18777,2.75,3.75,2.25
233,234,Las Vegas,NV,West,0.56,0.22,0.02,0.64,0.36,0.42,0.56,207000,22671,3.75,3.25,2.75
234,235,Milwaukee,WI,Midwest,0.67,0.22,0.01,0.53,0.48,0.32,0.67,120450,21134,4.0,3.25,1.0
235,236,Tucson,AZ,West,0.52,0.25,0.02,0.55,0.45,0.46,0.62,181000,19640,5.25,3.75,1.0
236,237,Long Beach,CA,West,0.69,0.29,0.02,0.42,0.58,0.29,0.61,500000,28817,1.0,1.0,3.25
237,238,Omaha,NE,Midwest,0.47,0.33,0.01,0.46,0.54,0.52,0.58,170000,19324,3.75,4.75,2.0
238,239,Santa Ana,CA,West,0.45,0.11,0.02,0.55,0.45,0.53,0.53,520000,30901,1.0,2.25,4.0
239,240,Saint Louis,MO,Midwest,0.83,0.3,0.01,0.43,0.57,0.16,0.69,113000,19324,1.0,3.0,1.0
240,241,Anaheim,CA,West,0.45,0.23,0.02,0.55,0.45,0.53,0.52,522000,30901,1.0,1.75,3.25
241,242,Bakersfield,CA,West,0.38,0.21,0.03,0.56,0.44,0.59,0.52,215000,22292,1.0,2.75,2.0
242,243,Greensboro,NC,South,0.58,0.35,0.01,0.53,0.47,0.41,0.59,149000,23197,3.25,4.25,2.25
243,244,Norfolk,VA,South,0.71,0.26,0.01,0.64,0.36,0.27,0.62,195000,20503,4.25,3.75,2.0
244,245,Durham,NC,South,0.76,0.48,0.01,0.61,0.39,0.23,0.57,220500,19134,2.75,3.25,2.75
245,246,Lubbock,TX,South,0.29,0.28,0.02,0.4,0.6,0.7,0.58,121000,18608,2.75,5.25,1.0
246,247,Reno,NV,West,0.51,0.3,0.02,0.72,0.28,0.47,0.56,294000,21703,4.25,4.0,3.0
247,248,Fort Wayne,IN,Midwest,0.41,0.25,0.02,0.5,0.5,0.58,0.55,100000,18419,1.75,4.25,2.75
248,249,Yonkers,NY,Northeast,0.6,0.3,0.01,0.3,0.7,0.38,0.57,355000,33470,3.25,1.0,4.25
249,250,Shreveport,LA,South,0.52,0.26,0.01,0.44,0.56,0.47,0.62,101000,19050,1.75,4.25,1.75
250,251,Worcester,MA,Northeast,0.69,0.29,0.02,0.43,0.57,0.29,0.64,214500,23176,5.0,2.75,2.25
251,252,Garden Grove,CA,West,0.45,0.18,0.02,0.55,0.45,0.53,0.52,535000,23787,1.0,2.0,4.0
252,253,Oceanside,CA,West,0.52,0.27,0.02,0.56,0.44,0.46,0.51,471000,29870,1.75,1.75,3.25
253,254,Fort Lauderdale,FL,South,0.67,0.34,0.01,0.54,0.46,0.32,0.63,267000,24186,4.75,2.75,1.0
254,255,Rockford,IL,Midwest,0.52,0.2,0.02,0.5,0.5,0.46,0.59,78674,19345,2.25,4.25,1.0
255,256,Pomona,CA,West,0.69,0.16,0.02,0.42,0.58,0.29,0.58,380000,28817,1.0,1.75,3.0
256,257,Paterson,NJ,Northeast,0.63,0.12,0.01,0.51,0.49,0.36,0.61,203000,26902,4.0,3.0,2.75
257,258,Savannah,GA,South,0.56,0.25,0.01,0.55,0.45,0.44,0.67,119000,19366,3.75,4.75,2.75
258,259,Gilbert,AZ,West,0.43,0.4,0.02,0.6,0.4,0.55,0.41,285000,19366,4.0,2.0,4.25
259,260,Vallejo,CA,West,0.63,0.23,0.02,0.63,0.37,0.35,0.59,345500,20250,2.25,1.0,1.0
260,261,Stamford,CT,Northeast,0.51,0.47,0.01,0.3,0.7,0.48,0.49,474000,30501,2.25,2.0,4.25
261,262,Simi Valley,CA,West,0.52,0.34,0.02,0.56,0.44,0.46,0.47,520000,33154,1.0,1.0,4.75
262,263,Inglewood,CA,West,0.69,0.18,0.02,0.42,0.58,0.29,0.62,475000,28817,1.0,1.0,3.25
263,264,Green Bay,WI,Midwest,0.49,0.23,0.01,0.27,0.73,0.5,0.57,130850,19829,4.0,4.25,3.25
264,265,South Bend,IN,Midwest,0.51,0.27,0.02,0.56,0.44,0.48,0.59,65000,18861,1.75,4.25,1.75
265,266,Greeley,CO,West,0.42,0.24,0.03,0.63,0.37,0.55,0.54,249000,20840,4.25,2.75,2.75
266,267,Lowell,MA,Northeast,0.63,0.21,0.02,0.26,0.74,0.36,0.6,250000,28628,4.75,2.25,3.0
267,268,Arvada,CO,West,0.51,0.38,0.02,0.64,0.36,0.47,0.47,352000,22524,4.25,1.75,3.75
268,269,Davenport,IA,Midwest,0.56,0.25,0.01,0.52,0.48,0.43,0.55,125000,21050,1.0,5.0,2.0
269,270,Edison,NJ,Northeast,0.63,0.42,0.01,0.4,0.6,0.36,0.43,350000,25239,4.0,1.0,4.0
270,271,Wichita Falls,TX,South,0.26,0.23,0.02,0.38,0.62,0.73,0.53,121000,18208,2.75,5.25,2.0
271,272,Kenosha,WI,Midwest,0.56,0.24,0.01,0.52,0.48,0.43,0.55,149000,22313,4.0,2.25,3.75
272,273,Sugar Land,TX,South,0.46,0.51,0.01,0.54,0.46,0.53,0.34,303000,19429,2.0,1.0,4.0
273,274,Portsmouth,VA,South,0.69,0.19,0.01,0.61,0.39,0.3,0.63,133950,20629,3.25,2.75,1.0
274,275,Compton,CA,West,0.69,0.09,0.02,0.42,0.58,0.29,0.61,325500,28817,1.0,1.0,2.75
275,276,New Bedford,MA,Northeast,0.6,0.13,0.02,0.4,0.6,0.39,0.6,197400,27997,4.75,2.75,2.0
276,277,Lakeland,FL,South,0.46,0.26,0.01,0.58,0.42,0.53,0.58,166900,30123,3.75,4.75,1.0
277,278,Livonia,MI,Midwest,0.73,0.37,0.01,0.62,0.38,0.26,0.47,176000,19934,1.0,3.0,4.0
278,279,Westminster,CA,West,0.45,0.21,0.02,0.55,0.45,0.53,0.5,577700,30901,1.0,2.0,3.25
279,280,West Palm Beach,FL,South,0.58,0.32,0.01,0.44,0.56,0.41,0.64,198000,20208,4.75,3.0,1.75
280,281,San Angelo,TX,South,0.25,0.19,0.02,0.4,0.6,0.73,0.55,122000,18419,3.0,5.25,2.75
281,282,Dearborn,MI,Midwest,0.73,0.25,0.01,0.62,0.38,0.26,0.49,122000,19934,1.0,4.75,3.0
282,283,Kent,WA,West,0.69,0.23,0.02,0.63,0.37,0.29,0.49,339975,23155,5.0,1.0,2.0
283,284,Racine,WI,Midwest,0.51,0.17,0.01,0.4,0.6,0.48,0.6,112400,20419,4.0,4.25,2.75
284,285,Melbourne,FL,South,0.43,0.24,0.01,0.61,0.39,0.56,0.57,145000,18735,5.0,4.0,1.75
285,286,Longview,TX,South,0.3,0.21,0.01,0.27,0.73,0.69,0.56,137000,21134,2.75,5.0,2.0
286,287,Daytona Beach,FL,South,0.49,0.2,0.01,0.63,0.37,0.5,0.69,130538,20376,4.75,4.25,1.0
287,288,Waukesha,WI,Midwest,0.32,0.36,0.01,0.33,0.67,0.67,0.5,216440,21134,4.0,3.25,4.0
288,289,Chico,CA,West,0.46,0.31,0.03,0.73,0.27,0.5,0.61,300000,30901,2.75,5.25,3.25
289,290,Lafayette,IN,Midwest,0.47,0.23,0.02,0.63,0.37,0.51,0.57,96000,18292,2.25,5.0,1.75
290,291,Terre Haute,IN,Midwest,0.5,0.21,0.02,0.66,0.34,0.49,0.66,78000,20482,1.75,5.0,1.75
291,292,Franklin,TN,South,0.26,0.6,0.01,0.45,0.55,0.73,0.4,449900,20019,2.0,1.75,4.25
292,293,Bowling Green,KY,South,0.38,0.26,0.02,0.48,0.52,0.6,0.67,187000,18756,4.0,5.25,2.0
293,294,Battle Creek,MI,Midwest,0.5,0.22,0.01,0.67,0.33,0.49,0.56,121000,18356,2.0,5.0,2.25
294,295,Harrisburg,PA,Northeast,0.52,0.19,0.01,0.5,0.5,0.46,0.71,87000,20713,1.0,4.25,4.0
295,296,Spartanburg,SC,South,0.38,0.28,0.01,0.41,0.59,0.61,0.65,118250,17893,2.75,4.75,1.0
296,297,Panama City,FL,South,0.28,0.23,0.01,0.59,0.41,0.71,0.59,165000,18524,3.75,3.75,1.0
297,298,Florence,SC,South,0.49,0.32,0.01,0.56,0.44,0.5,0.56,141000,19029,1.0,4.75,1.0
298,299,Anderson,SC,South,0.31,0.21,0.02,0.43,0.57,0.67,0.62,149500,18440,2.75,4.75,1.0
299,300,Ypsilanti,MI,Midwest,0.67,0.34,0.01,0.67,0.33,0.32,0.78,161750,19787,2.0,4.25,2.75
300,301,Hyattsville,MD,South,0.9,0.29,0.01,0.69,0.31,0.09,0.64,233450,19619,5.25,1.0,1.0
301,302,New York,NY,Northeast,0.84,0.35,0.01,0.3,0.7,0.15,0.59,616000,47089,3.25,1.0,4.0
302,303,Houston,TX,South,0.49,0.3,0.01,0.5,0.5,0.49,0.57,210000,20629,1.75,2.0,1.0
303,304,Indianapolis,IN,Midwest,0.6,0.28,0.02,0.6,0.4,0.38,0.6,129000,19261,1.0,3.0,1.0
304,305,Jacksonville,FL,South,0.48,0.26,0.01,0.56,0.44,0.51,0.57,165000,21008,5.0,3.0,2.25
305,306,Charlotte,NC,South,0.61,0.4,0.01,0.52,0.48,0.38,0.56,215000,20187,2.25,2.75,2.25
306,307,Fort Worth,TX,South,0.41,0.26,0.02,0.48,0.52,0.57,0.52,189900,21366,2.75,2.0,2.0
307,308,Nashville,TN,South,0.59,0.36,0.02,0.48,0.52,0.4,0.6,212000,19724,2.0,3.0,2.0
308,309,Baltimore,MD,South,0.87,0.27,0.02,0.54,0.46,0.11,0.71,139900,23450,2.0,1.0,1.0
309,310,El Paso,TX,South,0.66,0.23,0.01,0.37,0.63,0.33,0.49,116000,19366,4.0,3.0,3.75
310,311,Oklahoma City,OK,South,0.42,0.29,0.0,0.34,0.66,0.58,0.52,162508,18314,3.75,4.0,1.0
311,312,Mesa,AZ,West,0.43,0.25,0.02,0.6,0.4,0.55,0.51,220000,19703,4.0,2.25,3.25
312,313,Sacramento,CA,West,0.57,0.29,0.02,0.63,0.37,0.41,0.59,285250,24439,2.75,2.75,2.25
313,314,Tulsa,OK,South,0.36,0.3,0.0,0.43,0.57,0.64,0.56,148500,17977,2.75,4.75,1.0
314,315,Miami,FL,South,0.62,0.23,0.01,0.6,0.4,0.38,0.64,270000,23702,4.75,1.75,1.0
315,316,Aurora,CO,West,0.56,0.27,0.03,0.7,0.3,0.41,0.54,280000,22671,4.25,1.0,3.0
316,317,Toledo,OH,Midwest,0.64,0.17,0.02,0.51,0.49,0.34,0.64,60000,19577,1.75,4.25,1.0
317,318,Corpus Christi,TX,South,0.48,0.2,0.01,0.44,0.56,0.51,0.53,130000,20019,2.0,4.0,1.75
318,319,Hialeah,FL,South,0.62,0.15,0.01,0.6,0.4,0.38,0.57,225000,23702,4.75,2.25,3.25
319,320,Baton Rouge,LA,South,0.52,0.34,0.02,0.47,0.53,0.47,0.69,199000,19219,1.0,3.75,1.0
320,321,Garland,TX,South,0.57,0.21,0.01,0.45,0.55,0.42,0.49,179000,19577,3.0,1.75,3.0
321,322,Mobile,AL,South,0.45,0.26,0.01,0.47,0.53,0.54,0.62,111000,19345,2.25,4.0,2.0
322,323,Chula Vista,CA,West,0.52,0.28,0.02,0.56,0.44,0.46,0.49,460000,29870,1.75,1.75,4.0
323,324,Springfield,MA,Northeast,0.44,0.18,0.02,0.35,0.65,0.54,0.66,137000,19092,5.0,3.25,1.0
324,325,Fontana,CA,West,0.52,0.15,0.02,0.58,0.42,0.46,0.51,342000,23787,5.25,1.0,4.0
325,326,Escondido,CA,West,0.52,0.21,0.02,0.56,0.44,0.46,0.5,459000,29870,1.75,2.75,3.25
326,327,Grand Prairie,TX,South,0.57,0.21,0.01,0.45,0.55,0.42,0.48,195000,20440,3.0,2.0,3.25
327,328,Hampton,VA,South,0.72,0.21,0.01,0.64,0.36,0.27,0.58,161550,20503,3.25,3.25,3.0
328,329,Peoria,AZ,West,0.43,0.29,0.02,0.6,0.4,0.55,0.48,249000,20650,4.0,1.75,3.75
329,330,Mcallen,TX,South,0.7,0.25,0.01,0.5,0.5,0.29,0.48,121000,16251,1.0,3.75,2.75
330,331,Mesquite,TX,South,0.57,0.15,0.01,0.45,0.55,0.42,0.51,149450,20440,2.75,1.0,2.0
331,332,Coral Springs,FL,South,0.67,0.38,0.01,0.54,0.46,0.32,0.51,315000,23576,4.75,1.75,4.0
332,333,Hartford,CT,Northeast,0.93,0.16,0.01,0.43,0.57,0.06,0.74,103000,26207,3.0,3.75,2.0
333,334,Evansville,IN,Midwest,0.44,0.18,0.02,0.49,0.51,0.55,0.61,110000,19387,1.75,4.75,1.75
334,335,Independence,MO,Midwest,0.59,0.17,0.02,0.49,0.51,0.4,0.54,101000,19598,3.0,3.25,1.0
335,336,Elizabeth,NJ,Northeast,0.66,0.1,0.01,0.35,0.65,0.33,0.62,269000,26313,3.25,2.0,3.0
336,337,El Monte,CA,West,0.69,0.12,0.02,0.42,0.58,0.29,0.51,455000,28817,1.0,1.0,4.0
337,338,Lansing,MI,Midwest,0.63,0.25,0.01,0.6,0.4,0.36,0.66,145000,17893,2.75,4.75,2.25
338,339,Allentown,PA,Northeast,0.53,0.16,0.01,0.43,0.57,0.46,0.62,148000,21787,1.0,3.0,2.75
339,340,Elgin,IL,Midwest,0.5,0.23,0.02,0.44,0.56,0.49,0.49,175000,21471,1.75,1.0,4.0
340,341,Norwalk,CA,West,0.69,0.15,0.02,0.42,0.58,0.29,0.57,440000,30501,1.0,1.0,3.75
341,342,Odessa,TX,South,0.25,0.17,0.01,0.46,0.54,0.74,0.52,203000,20797,4.0,4.75,2.0
342,343,Thornton,CO,West,0.56,0.25,0.03,0.7,0.3,0.41,0.47,312000,22313,4.25,1.0,3.25
343,344,South Gate,CA,West,0.69,0.07,0.02,0.42,0.58,0.29,0.57,390000,28817,1.0,1.0,3.0
344,345,Fairfield,CA,West,0.63,0.25,0.02,0.63,0.37,0.35,0.52,425000,30901,2.25,1.75,3.0
345,346,Gresham,OR,West,0.76,0.19,0.03,0.54,0.46,0.21,0.54,304000,27049,5.25,1.75,2.0
346,347,Clinton Township,MI,Midwest,0.49,0.24,0.01,0.6,0.4,0.5,0.39,157000,17893,1.0,1.75,3.75
347,348,Ogden,UT,West,0.26,0.19,0.02,0.3,0.7,0.72,0.56,175000,18103,5.0,4.0,1.75
348,349,Reading,PA,Northeast,0.49,0.08,0.02,0.46,0.54,0.5,0.66,114900,21282,1.0,1.75,2.75
349,350,Pompano Beach,FL,South,0.67,0.23,0.01,0.54,0.46,0.32,0.61,162000,20376,4.75,2.25,1.0
350,351,Broken Arrow,OK,South,0.36,0.31,0.0,0.43,0.57,0.64,0.44,162000,17977,4.0,4.0,4.0
351,352,Sparks,NV,West,0.51,0.22,0.02,0.72,0.28,0.47,0.5,269945,21703,2.75,3.0,3.25
352,353,Kalamazoo,MI,Midwest,0.56,0.33,0.01,0.65,0.35,0.43,0.74,140950,17745,2.25,4.75,3.0
353,354,Bethlehem,PA,Northeast,0.52,0.24,0.01,0.32,0.68,0.47,0.65,180000,21787,1.0,3.25,3.25
354,355,Napa,CA,West,0.62,0.28,0.02,0.62,0.38,0.36,0.51,612500,30901,1.0,3.75,4.0
355,356,Scranton,PA,Northeast,0.63,0.21,0.01,0.34,0.66,0.36,0.65,82000,21282,1.0,4.75,3.25
356,357,Lynchburg,VA,South,0.44,0.32,0.01,0.48,0.52,0.55,0.65,151000,18945,4.25,5.0,3.25
357,358,Nampa,ID,West,0.3,0.21,0.03,0.59,0.41,0.67,0.51,146000,19492,5.0,2.75,3.75
358,359,Marietta,GA,South,0.43,0.37,0.02,0.54,0.46,0.56,0.57,268000,18945,2.0,1.75,2.0
359,360,Rock Hill,SC,South,0.39,0.26,0.02,0.5,0.5,0.6,0.59,165000,21282,2.25,2.75,2.25
360,361,Boynton Beach,FL,South,0.58,0.26,0.01,0.44,0.56,0.41,0.59,230000,20376,1.75,2.25,2.0
361,362,Tracy,CA,West,0.53,0.19,0.02,0.62,0.38,0.45,0.42,449000,26228,4.25,1.0,3.75
362,363,Springfield,OH,Midwest,0.48,0.15,0.02,0.66,0.34,0.5,0.63,62000,19092,1.75,4.0,1.0
363,364,Frederick,MD,South,0.47,0.36,0.02,0.52,0.48,0.51,0.57,262950,27155,2.0,1.0,3.25
364,365,Ocala,FL,South,0.41,0.24,0.01,0.66,0.34,0.58,0.58,119000,19598,3.75,4.25,1.0
365,366,Valdosta,GA,South,0.44,0.24,0.01,0.56,0.44,0.55,0.65,122000,19177,1.75,5.25,2.75
366,367,Pearland,TX,South,0.32,0.4,0.01,0.47,0.53,0.66,0.36,251500,19429,2.0,1.0,4.0
367,368,Mansfield,OH,Midwest,0.39,0.13,0.02,0.62,0.38,0.59,0.61,69000,19198,2.0,5.25,1.0
368,369,York,PA,Northeast,0.39,0.1,0.01,0.55,0.45,0.6,0.67,73000,21282,1.0,3.0,2.75
369,370,La Puente,CA,West,0.69,0.11,0.02,0.42,0.58,0.29,0.54,407000,28817,1.0,1.0,4.25
370,371,Cleveland,TN,South,0.22,0.25,0.01,0.43,0.57,0.76,0.55,132000,18587,2.25,5.0,1.0
371,372,Hagerstown,MD,South,0.4,0.14,0.02,0.55,0.45,0.58,0.59,166500,19050,1.0,3.0,2.25
372,373,Lakewood,NJ,Northeast,0.41,0.26,0.01,0.48,0.52,0.58,0.49,314000,25681,4.0,4.0,4.75
373,374,Lake Worth,FL,South,0.58,0.2,0.01,0.45,0.55,0.41,0.65,220000,21808,4.75,1.0,1.0
374,375,Summerville,SC,South,0.41,0.28,0.02,0.54,0.46,0.57,0.46,190000,19366,5.0,1.75,3.0
375,376,Jackson,MI,Midwest,0.47,0.14,0.01,0.65,0.35,0.52,0.65,92000,19598,1.0,4.75,1.0
376,377,Gainesville,GA,South,0.21,0.21,0.01,0.53,0.47,0.78,0.58,195000,20292,1.0,3.0,2.25
377,378,Winter Haven,FL,South,0.46,0.18,0.01,0.58,0.42,0.53,0.56,145000,18103,3.75,2.25,2.0
378,379,Duluth,GA,South,0.45,0.43,0.01,0.58,0.42,0.54,0.49,259200,18945,2.25,1.75,3.75
379,380,Kennesaw,GA,South,0.43,0.37,0.02,0.54,0.46,0.56,0.52,205000,18945,2.25,1.0,4.25
380,381,Fredericksburg,VA,South,0.62,0.34,0.02,0.0,1.0,0.36,0.67,276750,28207,2.25,1.75,2.25
381,382,Laurel,MD,South,0.9,0.39,0.01,0.69,0.31,0.09,0.61,308500,27786,2.25,1.0,3.0
382,383,Plainfield,IL,Midwest,0.51,0.49,0.02,0.46,0.54,0.47,0.38,228500,21303,1.75,1.0,4.75
383,384,Norcross,GA,South,0.45,0.25,0.01,0.58,0.42,0.54,0.5,175000,18945,2.0,1.0,2.0
384,385,Memphis,TN,South,0.63,0.24,0.01,0.59,0.41,0.37,0.65,119900,18061,2.75,3.25,1.0
385,386,Cleveland,OH,Midwest,0.69,0.15,0.01,0.42,0.58,0.3,0.73,55000,21366,2.0,2.25,1.0
386,387,Cincinnati,OH,Midwest,0.52,0.31,0.01,0.51,0.49,0.47,0.71,132000,19198,1.0,3.25,1.0
387,388,Birmingham,AL,South,0.53,0.24,0.0,0.4,0.6,0.47,0.69,205000,19303,1.0,3.25,1.0
388,389,Winston Salem,NC,South,0.53,0.34,0.01,0.5,0.5,0.46,0.59,120000,20208,2.75,4.0,1.0
389,390,Montgomery,AL,South,0.62,0.31,0.01,0.49,0.51,0.38,0.59,173000,19703,1.0,4.75,2.25
390,391,Knoxville,TN,South,0.34,0.3,0.02,0.38,0.62,0.64,0.62,175750,18356,2.25,4.0,1.0
391,392,Augusta,GA,South,0.67,0.21,0.0,0.55,0.45,0.33,0.54,84000,18292,3.0,4.0,1.75
392,393,Corona,CA,West,0.49,0.27,0.02,0.57,0.43,0.49,0.48,452000,19219,1.0,1.0,4.0
393,394,Pasadena,TX,South,0.49,0.15,0.01,0.5,0.5,0.49,0.52,151000,19156,2.0,1.75,2.75
394,395,Brownsville,TX,South,0.66,0.18,0.01,0.47,0.53,0.33,0.5,79000,16777,2.0,4.25,2.25
395,396,North Las Vegas,NV,West,0.56,0.17,0.02,0.64,0.36,0.42,0.53,191500,22671,3.75,2.0,3.0
396,397,Dayton,OH,Midwest,0.51,0.18,0.02,0.58,0.42,0.48,0.69,53000,19998,2.75,3.75,1.0
397,398,Hollywood,FL,South,0.67,0.26,0.01,0.54,0.46,0.32,0.58,235500,28817,4.75,1.0,2.0
398,399,Pembroke Pines,FL,South,0.67,0.34,0.01,0.54,0.46,0.32,0.48,264500,23576,4.75,1.0,3.75
399,400,Joliet,IL,Midwest,0.51,0.24,0.02,0.46,0.54,0.47,0.52,156000,21303,1.75,1.0,3.75
400,401,Sterling Heights,MI,Midwest,0.52,0.27,0.01,0.56,0.44,0.48,0.47,181000,19156,1.0,1.75,4.0
401,402,Fayetteville,NC,South,0.6,0.23,0.01,0.65,0.35,0.4,0.53,115000,18777,3.75,4.0,1.0
402,403,Clarksville,TN,South,0.44,0.23,0.02,0.55,0.45,0.54,0.48,167500,19703,2.75,3.25,3.0
403,404,Lancaster,CA,West,0.69,0.14,0.02,0.42,0.58,0.29,0.56,236000,28817,1.0,1.0,3.75
404,405,Waterbury,CT,Northeast,0.89,0.14,0.01,0.46,0.54,0.1,0.59,107000,27365,3.0,2.75,2.25
405,406,West Covina,CA,West,0.69,0.24,0.02,0.42,0.58,0.29,0.54,467500,28817,1.0,1.0,3.0
406,407,Brockton,MA,Northeast,0.51,0.17,0.01,0.42,0.58,0.48,0.59,269500,27997,4.75,1.0,2.25
407,408,Macon,GA,South,0.6,0.15,0.01,0.53,0.47,0.4,0.7,93000,18103,3.25,4.0,1.0
408,409,Murfreesboro,TN,South,0.37,0.36,0.02,0.62,0.38,0.62,0.56,219000,19724,2.0,1.0,2.75
409,410,Toms River,NJ,Northeast,0.41,0.32,0.01,0.48,0.52,0.58,0.49,195000,25260,4.0,1.0,3.25
410,411,North Charleston,SC,South,0.5,0.19,0.02,0.57,0.43,0.48,0.62,174000,21261,5.0,3.0,1.0
411,412,Lawton,OK,South,0.42,0.18,0.0,0.43,0.57,0.59,0.54,79000,19429,4.25,5.25,1.0
412,413,Redding,CA,West,0.34,0.2,0.02,0.76,0.24,0.64,0.48,244000,30901,5.25,5.25,2.0
413,414,Palm Bay,FL,South,0.43,0.2,0.01,0.61,0.39,0.56,0.53,142000,20208,5.0,2.0,4.0
414,415,Canton,OH,Midwest,0.49,0.16,0.02,0.48,0.52,0.49,0.59,98000,19998,2.25,3.75,1.0
415,416,Missouri City,TX,South,0.46,0.44,0.01,0.54,0.46,0.53,0.43,241750,19577,2.0,1.0,4.25
416,417,Baytown,TX,South,0.49,0.13,0.01,0.5,0.5,0.49,0.51,173000,19219,1.75,3.25,1.75
417,418,Clovis,CA,West,0.48,0.27,0.02,0.52,0.48,0.51,0.54,304000,30901,1.0,4.75,3.0
418,419,Yakima,WA,West,0.42,0.16,0.01,0.61,0.39,0.57,0.52,173000,20040,2.75,5.0,1.75
419,420,Albany,GA,South,0.69,0.2,0.0,0.56,0.44,0.3,0.65,88000,19071,2.0,5.25,1.0
420,421,Youngstown,OH,Midwest,0.63,0.11,0.01,0.35,0.65,0.36,0.69,76048,17261,1.75,3.75,1.0
421,422,Elk Grove,CA,West,0.57,0.34,0.02,0.63,0.37,0.41,0.48,360000,30901,2.75,1.0,4.0
422,423,Schenectady,NY,Northeast,0.57,0.19,0.02,0.3,0.7,0.41,0.68,148500,23765,4.25,2.75,2.0
423,424,Fort Myers,FL,South,0.41,0.24,0.01,0.62,0.38,0.58,0.59,206505,24186,4.75,2.0,2.25
424,425,Edinburg,TX,South,0.7,0.28,0.01,0.5,0.5,0.29,0.51,132000,16251,1.0,2.75,1.75
425,426,Mission,TX,South,0.7,0.27,0.01,0.5,0.5,0.29,0.42,120000,16251,1.0,3.25,3.0
426,427,Saginaw,MI,Midwest,0.56,0.11,0.01,0.51,0.49,0.44,0.69,72900,18692,1.0,4.25,2.0
427,428,Elkhart,IN,Midwest,0.36,0.13,0.02,0.62,0.38,0.63,0.59,112000,18861,1.0,4.0,3.75
428,429,Bowie,MD,South,0.9,0.47,0.01,0.69,0.31,0.09,0.5,312850,27997,2.0,1.0,4.25
429,430,Florissant,MO,Midwest,0.56,0.21,0.01,0.43,0.57,0.43,0.55,93900,19324,1.0,2.25,4.0
430,431,Muskegon,MI,Midwest,0.58,0.11,0.01,0.65,0.35,0.41,0.7,95000,17261,1.0,4.25,1.0
431,432,Brooklyn,NY,Northeast,0.82,0.22,0.01,0.37,0.63,0.17,0.52,607000,36901,3.25,1.0,4.0
432,433,Philadelphia,PA,Northeast,0.85,0.24,0.01,0.47,0.53,0.14,0.69,175000,25386,1.75,1.0,2.25
433,434,Detroit,MI,Midwest,0.73,0.13,0.01,0.62,0.38,0.26,0.74,24250,19934,1.0,2.0,1.0
434,435,Louisville,KY,South,0.55,0.21,0.01,0.45,0.55,0.44,0.62,169900,19724,1.0,4.0,2.75
435,436,Newark,NJ,Northeast,0.77,0.12,0.01,0.43,0.57,0.22,0.68,220000,26313,3.25,1.0,2.25
436,437,Laredo,TX,South,0.77,0.17,0.01,0.26,0.74,0.23,0.49,125000,17682,1.0,3.75,2.25
437,438,Akron,OH,Midwest,0.57,0.19,0.01,0.53,0.47,0.42,0.67,83400,21787,1.0,4.0,1.0
438,439,Columbus,GA,South,0.6,0.2,0.01,0.5,0.5,0.39,0.52,95000,18777,1.75,4.0,1.0
439,440,Jackson,MS,South,0.72,0.25,0.01,0.45,0.55,0.27,0.72,61000,19598,1.0,4.0,1.0
440,441,Aurora,IL,Midwest,0.5,0.28,0.02,0.44,0.56,0.49,0.48,178500,22671,1.75,1.75,4.25
441,442,Port Saint Lucie,FL,South,0.54,0.24,0.01,0.61,0.39,0.46,0.46,187000,18945,4.0,1.0,4.25
442,443,Rancho Cucamonga,CA,West,0.52,0.32,0.02,0.58,0.42,0.46,0.5,470000,24418,1.0,1.0,4.0
443,444,Warren,MI,Midwest,0.52,0.16,0.01,0.56,0.44,0.48,0.56,113000,17261,1.0,2.75,3.25
444,445,Cape Coral,FL,South,0.41,0.19,0.01,0.62,0.38,0.58,0.47,206500,19366,4.75,1.0,4.0
445,446,Flint,MI,Midwest,0.64,0.11,0.01,0.63,0.37,0.35,0.72,38000,16840,2.75,2.75,1.0
446,447,Killeen,TX,South,0.41,0.19,0.01,0.52,0.48,0.58,0.47,107000,18566,3.0,3.25,2.75
447,448,High Point,NC,South,0.58,0.28,0.01,0.53,0.47,0.41,0.52,154838,23197,3.25,3.0,2.0
448,449,Waukegan,IL,Midwest,0.53,0.17,0.01,0.41,0.59,0.45,0.52,129248,21303,1.75,2.0,3.0
449,450,Tuscaloosa,AL,South,0.41,0.36,0.01,0.49,0.51,0.58,0.68,148000,18524,1.0,4.0,1.75
450,451,Miramar,FL,South,0.67,0.27,0.01,0.54,0.46,0.32,0.56,270000,23366,4.75,1.0,3.75
451,452,Concord,NC,South,0.39,0.29,0.01,0.48,0.52,0.6,0.45,191000,20187,2.25,2.0,3.25
452,453,Gastonia,NC,South,0.37,0.22,0.01,0.43,0.57,0.62,0.51,150000,20187,2.25,2.0,1.0
453,454,Hamilton,OH,Midwest,0.36,0.14,0.02,0.61,0.39,0.62,0.58,113009,20503,1.0,2.75,1.0
454,455,Fort Pierce,FL,South,0.54,0.15,0.0,0.61,0.39,0.46,0.58,137950,24186,4.75,3.25,1.0
455,456,Surprise,AZ,West,0.43,0.28,0.02,0.6,0.4,0.55,0.36,217990,19366,4.0,1.0,4.25
456,457,Manassas,VA,South,0.57,0.29,0.01,0.71,0.29,0.41,0.49,320000,27891,2.25,1.0,4.0
457,458,Lawrenceville,GA,South,0.45,0.21,0.01,0.58,0.42,0.54,0.58,185000,18945,2.25,1.0,3.25
458,459,Richmond,TX,South,0.46,0.12,0.01,0.54,0.46,0.53,0.54,259900,19913,2.0,2.0,4.0
459,460,Fresno,CA,West,0.48,0.19,0.02,0.52,0.48,0.51,0.59,223000,22966,1.0,3.25,2.0
460,461,Riverside,CA,West,0.49,0.24,0.02,0.57,0.43,0.49,0.56,350000,25155,1.0,1.0,3.0
461,462,Stockton,CA,West,0.54,0.18,0.02,0.62,0.38,0.45,0.55,244000,23913,1.0,1.75,1.0
462,463,Glendale,AZ,West,0.43,0.21,0.02,0.6,0.4,0.55,0.58,204900,28817,4.0,2.0,1.0
463,464,San Bernardino,CA,West,0.52,0.11,0.02,0.58,0.42,0.46,0.61,229500,29870,1.0,1.75,1.75
464,465,Modesto,CA,West,0.49,0.17,0.02,0.56,0.44,0.48,0.53,249000,30901,1.0,2.0,1.0
465,466,Ontario,CA,West,0.52,0.14,0.02,0.58,0.42,0.46,0.51,356500,24502,1.0,1.0,3.25
466,467,Palmdale,CA,West,0.69,0.14,0.02,0.42,0.58,0.29,0.55,276500,28817,1.0,1.0,3.75
467,468,Rialto,CA,West,0.52,0.08,0.02,0.58,0.42,0.46,0.54,300000,23787,1.0,1.0,3.25
468,469,Visalia,CA,West,0.4,0.27,0.02,0.48,0.52,0.58,0.51,211000,30901,1.0,4.0,2.75
469,470,Hemet,CA,West,0.49,0.1,0.02,0.57,0.43,0.49,0.58,225000,30901,1.0,1.75,1.75
470,471,Temecula,CA,West,0.49,0.33,0.02,0.57,0.43,0.49,0.46,418000,30901,1.0,1.0,3.75
471,472,Kissimmee,FL,South,0.62,0.15,0.01,0.71,0.29,0.37,0.59,169000,20692,4.75,1.75,1.75
472,473,Merced,CA,West,0.52,0.15,0.02,0.5,0.5,0.46,0.58,215796,30901,1.0,3.75,2.75
473,474,Murrieta,CA,West,0.49,0.26,0.02,0.57,0.43,0.49,0.45,389963,30901,1.0,1.0,4.25
474,475,Conroe,TX,South,0.19,0.19,0.01,0.5,0.5,0.8,0.56,212900,19219,2.0,2.0,3.0
475,476,Madera,CA,West,0.39,0.08,0.02,0.68,0.32,0.59,0.58,217410,30901,1.0,3.75,2.75
476,477,Spring,TX,South,0.49,0.2,0.02,0.5,0.5,0.49,0.46,235000,19303,1.75,1.0,1.0
477,478,Douglasville,GA,South,0.52,0.29,0.01,0.57,0.43,0.48,0.56,161000,18945,2.0,1.0,1.0
478,479,Bronx,NY,Northeast,0.91,0.15,0.0,0.44,0.56,0.08,0.56,353000,36901,3.25,1.0,4.0
479,480,Moreno Valley,CA,West,0.49,0.16,0.02,0.57,0.43,0.49,0.56,288000,33154,1.0,1.0,3.25
480,481,Bridgeport,CT,Northeast,0.51,0.17,0.01,0.3,0.7,0.48,0.68,164000,30501,2.0,1.75,2.75
481,482,Victorville,CA,West,0.52,0.12,0.02,0.58,0.42,0.46,0.54,212000,23155,1.0,1.0,2.75
482,483,Perris,CA,West,0.49,0.07,0.02,0.57,0.43,0.49,0.55,276000,20650,1.0,1.0,3.25
483,484,Homestead,FL,South,0.62,0.17,0.01,0.6,0.4,0.38,0.59,202500,23702,4.75,1.0,1.0
484,485,Hesperia,CA,West,0.52,0.1,0.02,0.58,0.42,0.46,0.55,236000,23576,1.0,1.0,3.25
485,486,Indio,CA,West,0.49,0.14,0.02,0.57,0.43,0.49,0.46,275000,30901,1.0,2.75,2.75
